1,108,Joe,Runner,Toon,K
2,130,Sharie,Heald,Havens,K
3,132,Loise,Bohannan,Hysmith,TK
4,133,Lauryn,Goree,Deville,1
5,1003,Hermine,Dewalt,Rook,1
6,1005,Corene,Stell,Stober,1
7,1006,Ghislaine,Yearwood,Guffey,2
8,1011,Marlen,Truesdell,Lamark,2
9,1012,America,Getz,Oconnor,2
10,1016,Robyn,Deyo,Luera,3
11,1019,Leigh,Pflum,Mars,3
12,1030,Orpha,Gravelle,Oliveras,3
13,1031,Ammie,Kisling,Reach,K
14,1032,Alejandro,Fuerst,Bottoms,K
15,1033,Toya,Coop,Sadowski,1
16,1035,Dione,Hoyle,Anker,2
17,1039,Leroy,Spear,Paxson,3
18,1055,Vina,Ciampa,Trivett,1
19,1059,Babette,Silvis,Saling,2
20,1060,Edie,Ormond,Mccombs,3
21,1062,Fatimah,Mccalla,Mccombs,2
22,1070,Sophia,Bogle,Toon,K
23,1075,Denisha,Andry,Havens,K
24,1076,Leilani,Hughey,Hysmith,TK
25,1078,Vera,Barbaro,Deville,1
26,1079,Marlo,Coram,Rook,1
27,1080,Arnold,Rosales,Stober,1
28,1085,Shanita,Sundberg,Guffey,2
29,1088,Talisha,Woodberry,Lamark,2
30,1094,Yun,Speakman,Oconnor,2
31,1095,Damion,Perrett,Luera,3
32,1102,Katheleen,Bramwell,Mars,3
33,1106,Graig,Tippit,Oliveras,3
34,1107,Christina,Winebrenner,Reach,K
35,1110,Takako,Estrada,Bottoms,K
36,1115,Renetta,Gillam,Sadowski,1
37,1119,Jeanna,Heitzman,Anker,2
38,1121,Eugenio,Slezak,Paxson,3
39,1126,Neville,Drake,Trivett,1
40,1127,Fransisca,Houghton,Saling,2
41,1131,Gayla,Abee,Mccombs,3
42,1136,Royal,Sigman,Mccombs,2
43,1137,Cyrstal,Magdaleno,Toon,K
44,1140,Fredda,Micco,Havens,K
45,1142,Tillie,Litt,Hysmith,TK
46,1146,Percy,Hollander,Deville,1
47,1148,Tony,Friberg,Rook,1
48,1150,Brandi,Croy,Stober,1
49,1151,Marilee,Winstead,Guffey,2
50,1159,Phillip,Berthelot,Lamark,2
51,1160,Georgianna,Searcy,Oconnor,2
52,1162,Jeanmarie,Mccafferty,Luera,3
53,1170,Jennette,Stoller,Mars,3
54,1171,Cuc,Godin,Oliveras,3
55,1182,Jeanne,Monge,Reach,K
56,1184,Beckie,Skow,Bottoms,K
57,1185,Omer,Copen,Sadowski,1
58,1187,Taryn,Gift,Anker,2
59,1189,Oscar,Pereyra,Paxson,3
60,1192,Carlee,Sluss,Trivett,1
61,1194,Omega,Buschman,Saling,2
62,1195,Odilia,Stayton,Mccombs,3
63,1200,Fidela,Kantz,Mccombs,2
64,1205,Carolin,Aaronson,Toon,K
65,1206,Evelyne,Evangelista,Havens,K
66,1207,Aisha,Dawson,Hysmith,TK
67,1209,Elvin,Longoria,Deville,1
68,1217,Cira,Koran,Rook,1
69,1219,Jaime,Esses,Stober,1
70,1221,Porsha,Bohnert,Guffey,2
71,1228,Elana,Sanson,Lamark,2
72,1235,Rufina,Farabaugh,Oconnor,2
73,1243,Teressa,Bastien,Luera,3
74,1247,Alphonse,Renfrow,Mars,3
75,1248,Clelia,Cornwall,Oliveras,3
76,1250,Jonnie,Crozier,Reach,K
77,1252,Clora,Booker,Bottoms,K
78,1254,Santo,Lomas,Sadowski,1
79,1256,Loreen,Klimas,Anker,2
80,1257,Darcie,Lattea,Paxson,3
81,1259,Frederick,Steffan,Trivett,1
82,1260,Gertude,Enciso,Saling,2
83,1266,Ona,Parcell,Mccombs,3
84,1270,Lovella,Zhao,Mccombs,2
85,1278,Jeremy,Palmateer,Toon,K
86,1281,Noelia,Husby,Havens,K
87,1283,Brant,Mcduffie,Hysmith,TK
88,1284,Tennille,Willbanks,Deville,1
89,1292,Marcie,Rock,Rook,1
90,1294,Evonne,Alcott,Stober,1
91,1296,Sana,Quintal,Guffey,2
92,1297,Lizbeth,Spain,Lamark,2
93,1301,Natosha,Brose,Oconnor,2
94,1309,Jason,Wineinger,Luera,3
95,1310,Ernesto,Thom,Mars,3
96,1312,Edwardo,Rohe,Oliveras,3
97,1313,Shon,Huggard,Reach,K
98,1315,Tomoko,Brister,Bottoms,K
99,1318,Vince,Sandusky,Sadowski,1
100,1323,Kiersten,Otero,Anker,2
101,1327,Keli,Ferris,Paxson,3
102,1332,Rea,Casterline,Trivett,1
103,1336,Portia,Botelho,Saling,2
104,1338,Jetta,Brickley,Mccombs,3
105,1340,Noble,Godby,Mccombs,2
106,1341,Ronna,Lower,Toon,K
107,1342,Augustus,Bemis,Havens,K
108,1344,Daniela,Gaytan,Hysmith,TK
109,1345,Rosamond,Birkhead,Deville,1
110,1346,Hanna,Tilghman,Rook,1
111,1348,Shiloh,Downer,Stober,1
112,1350,Tandy,Stalzer,Guffey,2
113,1352,Tamekia,Rieves,Lamark,2
114,1357,Santana,Zook,Oconnor,2
115,1359,Maricela,Mingo,Luera,3
116,1362,Rebecca,Herrmann,Mars,3
117,1363,Dona,Buchholz,Oliveras,3
118,1364,Beth,Gribble,Reach,K
119,1370,Chastity,Duquette,Bottoms,K
120,1373,Aline,Trimm,Sadowski,1
121,1380,Keith,Frisby,Anker,2
122,1389,Lorretta,Pierre,Paxson,3
123,1393,Jennie,Perl,Trivett,1
124,1396,Virgil,Lenk,Saling,2
125,1400,Donette,Kemble,Mccombs,3
126,1401,Kimberlee,Saint,Mccombs,2
127,1402,Theodore,Sabala,Toon,K
128,1404,Leeanne,Stratton,Havens,K
129,1405,Collin,Oland,Hysmith,TK
130,1407,Merna,Porto,Deville,1
131,1408,Demarcus,Buttler,Rook,1
132,1410,Cletus,Kerlin,Stober,1
133,1411,Tula,Ruelas,Guffey,2
134,1418,Linsey,Licon,Lamark,2
135,1419,Dia,Yen,Oconnor,2
136,1421,Melia,Slusser,Luera,3
137,1422,Len,Tankersley,Mars,3
138,1424,Bud,Vallo,Oliveras,3
139,1425,Cathrine,Inabinet,Reach,K
140,1428,Santina,Remick,Bottoms,K
141,1429,Christi,Milsap,Sadowski,1
142,1431,Cornelia,Tozier,Anker,2
143,1432,Blaine,Webster,Paxson,3
144,1433,Colleen,Lona,Trivett,1
145,1434,Arletha,Bankes,Saling,2
146,1436,Genevive,Kimzey,Mccombs,3
147,1437,Merrill,Grimmer,Mccombs,2
148,1438,Quinn,Vescio,Toon,K
149,1439,Myron,Luse,Havens,K
150,1443,Alexis,Archibald,Hysmith,TK
151,1447,Angel,Obannon,Deville,1
152,1454,Ashli,Arrey,Rook,1
153,1455,Reagan,Farhat,Stober,1
154,1456,Shelby,Feldt,Guffey,2
155,1462,Kimberly,Weekly,Lamark,2
156,1465,Roseanna,Lust,Oconnor,2
157,1468,Alva,Baumgarten,Luera,3
158,1469,Phyllis,Bain,Mars,3
159,1475,Nell,Weide,Oliveras,3
160,1477,Herb,Minear,Reach,K
161,1478,Kristyn,Peyton,Bottoms,K
162,1482,Kamilah,Vanwart,Sadowski,1
163,1483,Felicitas,Crecelius,Anker,2
164,1487,Jesus,Cabot,Paxson,3
165,1489,Daphine,Wallin,Trivett,1
166,1490,Thersa,Salyer,Saling,2
167,1492,Magen,Wesely,Mccombs,3
168,1495,Vicente,Trusty,Mccombs,2
169,1498,Huey,Brayton,Toon,K
170,1501,Edyth,Simms,Havens,K
171,1502,Reyna,Claus,Hysmith,TK
172,1506,Germaine,Wanamaker,Deville,1
173,1508,Latesha,Kaina,Rook,1
174,1509,Tabatha,Benway,Stober,1
175,1511,Inocencia,Feather,Guffey,2
176,1513,Sherita,Aldrete,Lamark,2
177,1518,Nancee,Mccuin,Oconnor,2
178,1519,Stephenie,Lauterbach,Luera,3
179,1520,Judson,Godbout,Mars,3
180,1534,Lula,Miguez,Oliveras,3
181,1538,Lance,Decaro,Reach,K
182,1539,Darrick,Munson,Bottoms,K
183,1541,Johnnie,Blackmon,Sadowski,1
184,1542,Brandi,Sletten,Anker,2
185,1546,Bebe,Sing,Paxson,3
186,1550,Lachelle,Justice,Trivett,1
187,1552,Queenie,Nemeth,Saling,2
188,1553,Yoshie,Mumford,Mccombs,3
189,1554,Orval,Muldrew,Mccombs,2
190,1557,Blanch,Tippens,Toon,K
191,1560,Graham,Council,Havens,K
192,1561,Marleen,Bergmann,Hysmith,TK
193,1562,Benita,Jalbert,Deville,1
194,1563,Andreas,Privette,Rook,1
195,1570,Christiane,Gan,Stober,1
196,1571,Carma,Lesser,Guffey,2
197,1578,Randell,Prum,Lamark,2
198,1579,Tamika,Biggs,Oconnor,2
199,1586,Maxie,Voorhies,Luera,3
200,1587,Jalisa,Urman,Mars,3
201,1589,Rolando,Martir,Oliveras,3
202,1591,Ismael,Rozek,Reach,K
203,1592,Emily,Murtagh,Bottoms,K
204,1593,Zoila,Alfred,Sadowski,1
205,1594,Shae,Amen,Anker,2
206,1597,Mickey,Lunday,Paxson,3
