1,5,Chain and Name Tag and Toe token
2,10,Toe token
3,15,Toe token
4,20,Toe token
5,25,Toe token and Souplantation Certificate
6,30,Toe token
7,35,Toe token
8,40,Toe token
9,45,Toe token
10,50,Ten Toes token and Golden Spoon Gift Card and Name announced at assembly
11,60,Twirl Toe token
12,70,Twirl Toe token
13,75,Jimbo's Smoothie coupon
14,80,Twirl Toe token
15,90,Twirl Toe token
16,100,Ten Toes token and Superstar t-shirt at assembly
17,110,Twirl Toe token
18,120,Twirl Toe token
19,130,Twirl Toe token
20,140,Twirl Toe token
21,150,Ten Toes token and Name announced at assembly
22,160,Twirl Toe token
23,170,Twirl Toe token
24,180,Twirl Toe token
25,190,Twirl Toe token
26,200,Ten Toes token and Name announced at assembly
